{
  "project_info": {
    "project_number": "717139549551",
    "firebase_url": "https://fir-f0522.firebaseio.com",
    "project_id": "fir-f0522",
    "storage_bucket": "fir-f0522.appspot.com"
  },
  "client": [
    {
      "client_info": {
        "mobilesdk_app_id": "1:717139549551:android:47af5fe553a1ffaa",
        "android_client_info": {
          "package_name": "com.example.fiirebase"
        }
      },
      "oauth_client": [
        {
          "client_id": "717139549551-430fijfaodgh9l73b2cs5tnt1jr81d06.apps.googleusercontent.com",
          "client_type": 1,
          "android_info": {
            "package_name": "com.example.fiirebase",
            "certificate_hash": "376433c1c1bacad37743ba7e7acaa9a9890c1e43"
          }
        },
        {
          "client_id": "717139549551-eoem3uh65ko2btc6g27nuqjaqgv9ocbn.apps.googleusercontent.com",
          "client_type": 3
        }
      ],
      "api_key": [
        {
          "current_key": "AIzaSyB8lGEEidBuB0RIs4OqJQwIZRtHU6fqtZE"
        }
      ],
      "services": {
        "analytics_service": {
          "status": 1
        },
        "appinvite_service": {
          "status": 2,
          "other_platform_oauth_client": [
            {
              "client_id": "717139549551-eoem3uh65ko2btc6g27nuqjaqgv9ocbn.apps.googleusercontent.com",
              "client_type": 3
            }
          ]
        },
        "ads_service": {
          "status": 2
        }
      }
    },
    {
      "client_info": {
        "mobilesdk_app_id": "1:717139549551:android:1b7829f2ac180d28",
        "android_client_info": {
          "package_name": "com.example.firebase"
        }
      },
      "oauth_client": [
        {
          "client_id": "717139549551-c2fmu9nh53cs1pd7793lmiphjqdg65lq.apps.googleusercontent.com",
          "client_type": 1,
          "android_info": {
            "package_name": "com.example.firebase",
            "certificate_hash": "376433c1c1bacad37743ba7e7acaa9a9890c1e43"
          }
        },
        {
          "client_id": "717139549551-eoem3uh65ko2btc6g27nuqjaqgv9ocbn.apps.googleusercontent.com",
          "client_type": 3
        }
      ],
      "api_key": [
        {
          "current_key": "AIzaSyB8lGEEidBuB0RIs4OqJQwIZRtHU6fqtZE"
        }
      ],
      "services": {
        "analytics_service": {
          "status": 1
        },
        "appinvite_service": {
          "status": 2,
          "other_platform_oauth_client": [
            {
              "client_id": "717139549551-eoem3uh65ko2btc6g27nuqjaqgv9ocbn.apps.googleusercontent.com",
              "client_type": 3
            }
          ]
        },
        "ads_service": {
          "status": 2
        }
      }
    }
  ],
  "configuration_version": "1"
}